{
    "1": {
        "3": 0.71429,
        "2": 0.57143,
        "4": 0.42857,
        "12": 0.42857,
        "14": 0.42857,
        "8": 0.28571,
        "18": 0.28571,
        "20": 0.28571,
        "22": 0.28571,
        "13": 0.14286
    },
    "2": {
        "3": 0.85714,
        "14": 0.71429,
        "1": 0.57143,
        "8": 0.57143,
        "4": 0.42857,
        "20": 0.28571,
        "22": 0.28571,
        "18": 0.14286
    },
    "3": {
        "2": 0.85714,
        "1": 0.71429,
        "8": 0.57143,
        "4": 0.42857,
        "14": 0.42857
    },
    "4": {
        "1": 0.42857,
        "2": 0.42857,
        "3": 0.42857,
        "8": 0.42857,
        "13": 0.42857,
        "14": 0.42857
    },
    "5": {
        "11": 0.42857,
        "7": 0.28571
    },
    "6": {
        "7": 0.71429,
        "11": 0.42857,
        "17": 0.42857
    },
    "7": {
        "6": 0.71429,
        "17": 0.42857,
        "5": 0.28571
    },
    "8": {
        "2": 0.57143,
        "3": 0.57143,
        "4": 0.42857,
        "1": 0.28571
    },
    "9": {
        "34": 0.57143,
        "31": 0.42857,
        "33": 0.42857
    },
    "10": {
        "34": 0.28571
    },
    "11": {
        "5": 0.42857,
        "6": 0.42857
    },
    "12": {
        "1": 0.42857
    },
    "13": {
        "4": 0.42857,
        "1": 0.14286
    },
    "14": {
        "2": 0.71429,
        "1": 0.42857,
        "3": 0.42857,
        "4": 0.42857
    },
    "15": {
        "33": 0.42857,
        "34": 0.28571
    },
    "16": {
        "34": 0.57143,
        "33": 0.42857
    },
    "17": {
        "6": 0.42857,
        "7": 0.42857
    },
    "18": {
        "1": 0.28571,
        "2": 0.14286
    },
    "19": {
        "34": 0.28571,
        "33": 0.14286
    },
    "20": {
        "1": 0.28571,
        "2": 0.28571
    },
    "21": {
        "33": 0.42857,
        "34": 0.14286
    },
    "22": {
        "1": 0.28571,
        "2": 0.28571
    },
    "23": {
        "34": 0.42857,
        "33": 0.28571
    },
    "24": {
        "33": 0.71429,
        "28": 0.57143,
        "34": 0.57143,
        "30": 0.42857
    },
    "25": {
        "26": 0.28571,
        "32": 0.28571
    },
    "26": {
        "32": 1.0,
        "25": 0.28571
    },
    "27": {
        "30": 0.57143,
        "34": 0.28571
    },
    "28": {
        "24": 0.57143,
        "34": 0.57143
    },
    "29": {
        "32": 0.28571
    },
    "30": {
        "27": 0.57143,
        "33": 0.57143,
        "24": 0.42857,
        "34": 0.28571
    },
    "31": {
        "9": 0.42857,
        "33": 0.42857,
        "34": 0.42857
    },
    "32": {
        "26": 1.0,
        "25": 0.28571,
        "29": 0.28571
    },
    "33": {
        "24": 0.71429,
        "34": 0.71429,
        "30": 0.57143,
        "9": 0.42857,
        "15": 0.42857,
        "16": 0.42857,
        "21": 0.42857,
        "31": 0.42857,
        "23": 0.28571,
        "19": 0.14286
    },
    "34": {
        "33": 0.71429,
        "9": 0.57143,
        "16": 0.57143,
        "24": 0.57143,
        "28": 0.57143,
        "23": 0.42857,
        "31": 0.42857,
        "10": 0.28571,
        "15": 0.28571,
        "19": 0.28571,
        "27": 0.28571,
        "30": 0.28571,
        "21": 0.14286
    }
}